PNAME,TITLE,,DEVELOPIN,SCOST,DCOST,SOLD
MARY,README,,CPP,300,1200,84
ANAND,PARACHUTES,,BASIC,399.95,6000,43
ANAND,VIDEO TITLING,,PASCAL,7500,16000,9
JULIANA,INVENTORY,,COBOL,3000,3500,0
KAMALA,PAYROLL PKG.,,DBASE,9000,20000,7
MARY,FINANCIAL ACCT.,,ORACLE,18000,85000,4
MARY,CODE GENERATOR,,C,4500,20000,23
PATTRICK,README,,CPP,300,1200,84
QADIR,BOMBS AWAY,,ASSEMBLY,750,3000,11
QADIR,VACCINES,,C,1900,3100,21
RAMESH,HOTEL MGMT.,,DBASE,13000,35000,4
RAMESH,DEAD LEE,,PASCAL,599.95,4500,73
REMITHA,PC UTILITIES,,C,725,5000,51
REMITHA,TSR HELP PKG.,,ASSEMBLY,2500,6000,7
REVATHI,HOSPITAL MGMT.,,PASCAL,1100,75000,2
VIJAYA,TSR EDITOR,,C,900,700,6
